,İlan Numarası,İlan Oluşturma Tarihi,İlan Güncelleme Tarihi,Türü,Kategorisi,Tipi,Net Metrekare,Brüt Metrekare,Oda Sayısı,Binanın Yaşı,Bulunduğu Kat,Binanın Kat Sayısı,Isıtma Tipi,Kullanım Durumu,Eşya Durumu,Tapu Durumu,Site İçerisinde,Takas,Banyo Sayısı,Fiyat Durumu,Price,Location,link,Aidat,Depozito,Balkon Durumu,Balkon Sayısı,Görüntülü Gezilebilir mi?,Ada,Parsel,Balkon Tipi,Yapı Durumu,Yapı Tipi,WC Sayısı,Banyo Metrekare,Balkon Metrekare
0,17110646,04 Nisan 2025,04 Nisan 2025,Konut,Kiralık,Daire,110 m²,115 m²,2+1,16-20,Bahçe Katı,2,Kombi Doğalgaz,Boş,Boş,Kat Mülkiyeti,Hayır,Yok,1,Genel Fiyat,13.000TL, Merkezefendi - Bereketler Mahallesi,https://www.emlakjet.com//ilan/karadag-gayrimenkulden-bereketler-mahallesinde-21-kiralik-daire-17110646/,,,,,,,,,,,,,
1,17109845,04 Nisan 2025,04 Nisan 2025,Konut,Kiralık,Daire,50 m²,57 m²,1+1,5-10,2.Kat,3,Yerden Isıtma,Boş,Eşyalı,Kat İrtifakı,Hayır,Yok,1,Genel Fiyat,10.000TL, Pamukkale - İncilipınar Mahallesi,https://www.emlakjet.com//ilan/atlantisten-incilipinar-sali-pazari-alti-genis-11-apart-17109845/,,,,,,,,,,,,,
2,17109086,04 Nisan 2025,04 Nisan 2025,Konut,Kiralık,Daire,85 m²,95 m²,2+1,5-10,3.Kat,4,Merkezi Doğalgaz,Boş,,Kat Mülkiyeti,Evet,,1,Genel Fiyat,15.500TL, Merkezefendi - Kayalar Mahallesi,https://www.emlakjet.com//ilan/redstone-myra-dan-kayakoy-toki-de-kiralik-21-daire-17109086/,790 TL,15500 TL,Var,1,Evet,8189,2,,,,,,
3,17108098,04 Nisan 2025,04 Nisan 2025,Konut,Kiralık,Daire,120 m²,128 m²,3+1,11-15,4.Kat,7,Doğalgaz Sobalı,Boş,Boş,Kat Mülkiyeti,Evet,,1,Genel Fiyat,16.000TL, Pamukkale - 15 Mayıs Mahallesi,https://www.emlakjet.com//ilan/31-120-mtr-17108098/,500 TL,1 TL,Var,1,,222,1,Açık Balkon,,,,,
4,17108046,04 Nisan 2025,04 Nisan 2025,Konut,Kiralık,Daire,40 m²,45 m²,1+1,0 (Yeni),3.Kat,3,Yerden Isıtma,Boş,Eşyalı,Kat Mülkiyeti,Hayır,,1,Genel Fiyat,15.000TL, Pamukkale - Zeytinköy Mahallesi,https://www.emlakjet.com//ilan/pamukkale-universitesi-ne-yakin-mevkide-kiralik-apart-17108046/,,15000 TL,Var,1,Hayır,3702,10,Açık Balkon,Sıfır,Betonarme,1,,
5,17106623,04 Nisan 2025,04 Nisan 2025,Konut,Kiralık,Daire,45 m²,50 m²,1+1,5-10,Bahçe Katı,4,Yerden Isıtma,Boş,,Kat Mülkiyeti,Hayır,,1,Genel Fiyat,8.000TL, Pamukkale - Yunusemre Mahallesi,https://www.emlakjet.com//ilan/kz-grup-tan-kiniklida-universiteye-yakin-11-kiralik-apart-17106623/,,,,,,2874,26,,,,,,
6,17106593,04 Nisan 2025,04 Nisan 2025,Konut,Kiralık,Daire,60 m²,65 m²,2+1,11-15,2.Kat,6,Kombi Doğalgaz,Boş,Eşyalı,Kat Mülkiyeti,Hayır,,1,Genel Fiyat,14.000TL, Merkezefendi - Saraylar Mahallesi,https://www.emlakjet.com//ilan/bayramyeri-ve-otogar-yakini-kiralik-apart-17106593/,,,Var,1,,337,9,,,,,,
7,17106231,04 Nisan 2025,04 Nisan 2025,Konut,Kiralık,Daire,100 m²,110 m²,2+1,21 Ve Üzeri,3.Kat,4,Kombi Doğalgaz,Boş,Boş,Kat Mülkiyeti,Hayır,Yok,1,Genel Fiyat,9.000TL, Merkezefendi - Akkonak Mahallesi,https://www.emlakjet.com//ilan/twenty-den-akkonak-ta-kiralik-21-daire-17106231/,,,,,,,,,,,,,
8,17106144,04 Nisan 2025,04 Nisan 2025,Konut,Kiralık,Daire,150 m²,160 m²,3+1,2,3.Kat,4,Yerden Isıtma,Boş,Boş,Kat İrtifakı,Hayır,Yok,2,Genel Fiyat,28.000TL, Merkezefendi - Şemikler Mahallesi,https://www.emlakjet.com//ilan/nova-gayrimenkul-den-gumusler-bulv-uzerinde-31-kiralik-daire-17106144/,,,,,,,,,,,,,
9,17106090,04 Nisan 2025,04 Nisan 2025,Konut,Kiralık,Daire,127 m²,135 m²,2+1,21 Ve Üzeri,Yüksek Giriş,4,Merkezi (Pay Ölçer),Boş,Boş,Kat Mülkiyeti,Evet,Yok,1,Genel Fiyat,17.000TL, Pamukkale - Yunusemre Mahallesi,https://www.emlakjet.com//ilan/liva-gayrimenkulden-kiniklida-site-ici-kiralik-daire-17106090/,,,,,,,,,,,,,
10,17105116,03 Nisan 2025,04 Nisan 2025,Konut,Kiralık,Daire,25 m²,30 m²,Stüdyo,5-10,4.Kat,4,Kombi Doğalgaz,Boş,,Kat Mülkiyeti,Hayır,,1,Genel Fiyat,7.000TL, Pamukkale - Kınıklı Mahallesi,https://www.emlakjet.com//ilan/ender-uysaldan-asmalievlerde-asansorlu-balkonlu-10-apart-17105116/,,,,,,3865,24,,,,,,
11,17104911,03 Nisan 2025,03 Nisan 2025,Konut,Kiralık,Daire,120 m²,130 m²,3+1,11-15,4.Kat,4,Kombi Doğalgaz,Boş,,Kat Mülkiyeti,Hayır,,1,Genel Fiyat,15.000TL, Pamukkale - Kınıklı Mahallesi,https://www.emlakjet.com//ilan/ender-uysal-gayrimenkulden-bursa-caddesinde-31-ici-yeni-tadilatli-kiralik-daire-17104911/,,,,,,1631,6,,,,,,
12,17104327,03 Nisan 2025,04 Nisan 2025,Konut,Kiralık,Daire,65 m²,75 m²,2+1,5-10,1.Kat,6,Kombi Doğalgaz,Boş,,Kat İrtifakı,Hayır,,1,Genel Fiyat,14.000TL, Merkezefendi - Saraylar Mahallesi,https://www.emlakjet.com//ilan/denizli-otogar-mevki-21-esyali-apartimiz-kiraliktir-17104327/,,,,,,337,9,,,,,,
13,17103662,03 Nisan 2025,03 Nisan 2025,Konut,Kiralık,Daire,45 m²,50 m²,1+1,5-10,Düz Giriş (Zemin),3,Yerden Isıtma,Boş,Eşyalı,Kat Mülkiyeti,Hayır,Yok,1,Genel Fiyat,13.000TL, Pamukkale - Mehmetçik Mahallesi,https://www.emlakjet.com//ilan/mehmetcik-luks-11-kiralik-apart-17103662/,0 TL,13000 TL,Yok,,Hayır,175,11,,İkinci El,Betonarme,1,,
14,17101214,03 Nisan 2025,03 Nisan 2025,Konut,Kiralık,Daire,60 m²,65 m²,2+1,4,2.Kat,5,Kombi Doğalgaz,Boş,Eşyalı,Kat Mülkiyeti,Evet,,1,Genel Fiyat,20.000TL, Pamukkale - Asmalıevler Mahallesi,https://www.emlakjet.com//ilan/kampus-point-21site-icersinde-guvenlikli-17101214/,,20000 TL,Var,1,,2375,9,Açık Balkon,,,,10 m²,5 m²
15,17100333,02 Nisan 2025,02 Nisan 2025,Konut,Kiralık,Daire,40 m²,45 m²,1+1,4,2.Kat,3,Kombi Doğalgaz,Boş,,Kat Mülkiyeti,Hayır,,1,Genel Fiyat,10.000TL, Pamukkale - Kınıklı Mahallesi,https://www.emlakjet.com//ilan/ender-uysal-gayrimenkulden-kiniklida-11-kiralik-apart-17100333/,,,,,,2330,25,,,,,,
16,17097550,02 Nisan 2025,02 Nisan 2025,Konut,Kiralık,Daire,45 m²,50 m²,1+1,5-10,2.Kat,4,Kombi Doğalgaz,Boş,Eşyalı,Kat Mülkiyeti,Hayır,,1,Genel Fiyat,10.999TL, Pamukkale - Zeytinköy Mahallesi,https://www.emlakjet.com//ilan/redstone-myra-dan-zeytinkoy-de-esyali-kiralik-11-daire-17097550/,,10000 TL,Var,2,Evet,2452,19,,,Betonarme,,,
17,17095006,31 Mart 2025,31 Mart 2025,Konut,Kiralık,Daire,105 m²,115 m²,2+1,5-10,2.Kat,3,Kombi Doğalgaz,Boş,Boş,Kat İrtifakı,Hayır,,1,Genel Fiyat,17.500TL, Merkezefendi - Karaman Mahallesi,https://www.emlakjet.com//ilan/okula-markete-pazara-yurume-mesafesinde-arakat-daire-17095006/,,,Var,1,,4774,16,Açık Balkon,,,,,
18,17107318,04 Nisan 2025,04 Nisan 2025,Konut,Kiralık,Daire,120 m²,130 m²,2+1,16-20,2.Kat,4,Kombi Doğalgaz,Boş,Boş,Müstakil Tapulu,Hayır,Yok,1,Genel Fiyat,15.000TL, Pamukkale - Mehmetçik Mahallesi,https://www.emlakjet.com//ilan/mehmetcik-mahallesinde-forum-yakini-21-kombili-kiralik-daire-17107318/,,,,,,,,,,,,,
19,17106085,04 Nisan 2025,04 Nisan 2025,Konut,Kiralık,Daire,115 m²,130 m²,3+1,5-10,7.Kat,9,Yerden Isıtma,Boş,Boş,Kat Mülkiyeti,Evet,Yok,1,Genel Fiyat,27.500TL, Merkezefendi - Şemikler Mahallesi,https://www.emlakjet.com//ilan/liva-gayrimenkulden-extralife-sitesinde-kiralik-daire-17106085/,,,,,,,,,,,,,
20,17094340,31 Mart 2025,02 Nisan 2025,Konut,Kiralık,Daire,40 m²,45 m²,1+1,21 Ve Üzeri,1.Kat,5,Kombi Doğalgaz,Boş,Eşyalı,Bilinmiyor,Hayır,Yok,1,Genel Fiyat,10.000TL, Pamukkale - Mehmetçik Mahallesi,https://www.emlakjet.com//ilan/mehmetcik-te-inonu-caddesi-uzeri-balkonlu-askeriye-isiklari-yakini-11-full-esyali-apart-kiraliktir-17094340/,,,,,,,,,İkinci El,Betonarme,,,
21,17092899,30 Mart 2025,03 Nisan 2025,Konut,Kiralık,Daire,135 m²,150 m²,3+1,21 Ve Üzeri,4.Kat,7,Kombi Doğalgaz,Boş,Boş,Kat Mülkiyeti,Hayır,Yok,1,Genel Fiyat,18.000TL, Merkezefendi - Karaman Mahallesi,https://www.emlakjet.com//ilan/office20-den-kiralik-daire-17092899/,,,,,,,,,,,,,
22,17092880,30 Mart 2025,03 Nisan 2025,Konut,Kiralık,Daire,95 m²,110 m²,2+1,5-10,Bahçe Katı,3,Kombi Doğalgaz,Boş,Boş,Kat Mülkiyeti,Hayır,Yok,1,Genel Fiyat,11.500TL, Pamukkale - Dokuzkavaklar Mahallesi,https://www.emlakjet.com//ilan/ankara-yoluna-yakin-21-firsat-kiralik-daire-17092880/,,,,,,,,,,,,,
23,17092823,30 Mart 2025,02 Nisan 2025,Konut,Kiralık,Daire,110 m²,120 m²,2.5+1,5-10,Bahçe Katı,3,Kombi Doğalgaz,Boş,Boş,Kat İrtifakı,Hayır,Yok,1,Genel Fiyat,15.000TL, Merkezefendi - Hallaçlar Mahallesi,https://www.emlakjet.com//ilan/saygin-dan-hallaclar-da-bahceli-luks-firsat-kiralik-daire-17092823/,,,,,,,,,,,,,
24,17092802,30 Mart 2025,02 Nisan 2025,Konut,Kiralık,Daire,165 m²,170 m²,3+1,16-20,1.Kat,4,Kombi Doğalgaz,Boş,Boş,Kat İrtifakı,Hayır,Yok,1,Genel Fiyat,19.000TL, Merkezefendi - Karaman Mahallesi,https://www.emlakjet.com//ilan/karamanda-kanal-yolunda-guzel-konum-kiralik-genis-daire-17092802/,,,,,,,,,,,,,
25,17092391,30 Mart 2025,03 Nisan 2025,Konut,Kiralık,Daire,40 m²,60 m²,1+1,4,Düz Giriş (Zemin),2,Yerden Isıtma,Boş,Eşyalı,Kat Mülkiyeti,Hayır,Yok,1,Genel Fiyat,13.000TL, Pamukkale - Hürriyet Mahallesi,https://www.emlakjet.com//ilan/kayhan-kasaplar-yaninda-mukemmel-bahceli-apart-17092391/,,,,,,,,,,,,,
26,17090269,29 Mart 2025,29 Mart 2025,Konut,Kiralık,Daire,160 m²,175 m²,4+1,16-20,7.Kat,7,Merkezi Doğalgaz,Boş,,Tapu Kaydı Yok,Hayır,,2,Genel Fiyat,25.000TL, Pamukkale - Atalar Mahallesi,https://www.emlakjet.com//ilan/ender-uysal-gayrimenkulden-kiralik-lise-caddesin-de-41-dublex-daire-17090269/,,,,,,,,,,,,,
27,17089967,29 Mart 2025,02 Nisan 2025,Konut,Kiralık,Daire,165 m²,177 m²,3+1,11-15,1.Kat,5,Kombi Doğalgaz,Boş,,Kat Mülkiyeti,Hayır,Yok,2,Genel Fiyat,40.000TL, Merkezefendi - Adalet Mahallesi,https://www.emlakjet.com//ilan/adalet-mahallesin-de-kose-isyeri-ruhsatli-buro-ofis-icin-kiralik-17089967/,,,,,,,,,,,,,
28,17088194,28 Mart 2025,02 Nisan 2025,Konut,Kiralık,Daire,50 m²,55 m²,1+1,0 (Yeni),2.Kat,2,Kombi Doğalgaz,Boş,Eşyalı,Kat Mülkiyeti,Hayır,Yok,1,Genel Fiyat,16.000TL, Pamukkale - Kınıklı Mahallesi,https://www.emlakjet.com//ilan/liva-gayrimenkulden-camlikta-sifir-11-kiralik-apart-17088194/,,,,,,,,,,,,,
29,17088157,28 Mart 2025,28 Mart 2025,Konut,Kiralık,Residence,50 m²,55 m²,1+1,5-10,Yüksek Giriş,5,Yerden Isıtma,Boş,Eşyalı,Kat Mülkiyeti,Hayır,,1,Genel Fiyat,11.000TL, Pamukkale - Hacıkaplanlar Mahallesi,https://www.emlakjet.com//ilan/hacikaplanlar-mevkisinde-sifir-esyali-kiralik-apart-17088157/,,,Yok,,,488,3,,,,,,
30,17086036,28 Mart 2025,03 Nisan 2025,Konut,Kiralık,Daire,65 m²,75 m²,2+1,0 (Yeni),2.Kat,3,Yerden Isıtma,Boş,Boş,Kat İrtifakı,Hayır,Yok,2,Genel Fiyat,15.500TL, Merkezefendi - Akkonak Mahallesi,https://www.emlakjet.com//ilan/onurhan-emlaktan-akkonakta-ebeveyn-banyolu-sifir-arakat-daire-17086036/,,,,,,,,,,,,,
31,17086035,28 Mart 2025,28 Mart 2025,Konut,Kiralık,Daire,90 m²,95 m²,2+1,4,4.Kat,4,Yerden Isıtma,Boş,Boş,Kat İrtifakı,Hayır,Yok,1,Genel Fiyat,20.250TL, Merkezefendi - Akkonak Mahallesi,https://www.emlakjet.com//ilan/onurhan-emlaktan-akkonakta-asansorlu-21-yerden-isitma-daire-17086035/,,,,,,,,,,,,,
32,17086012,28 Mart 2025,28 Mart 2025,Konut,Kiralık,Daire,50 m²,55 m²,2+1,5-10,3.Kat,4,Merkezi Doğalgaz,Boş,,Kat Mülkiyeti,Hayır,,1,Genel Fiyat,10.000TL, Pamukkale - Zeytinköy Mahallesi,https://www.emlakjet.com//ilan/ender-uysal-gayrimenkulden-zeytinkoy-de-kiralik-21-apart-17086012/,,,,,,2798,7,,,,,,
33,17085919,28 Mart 2025,28 Mart 2025,Konut,Kiralık,Daire,40 m²,45 m²,1+1,5-10,1.Kat,6,Yerden Isıtma,Boş,Eşyalı,Kat İrtifakı,Hayır,Yok,1,Genel Fiyat,9.000TL, Merkezefendi - Saraylar Mahallesi,https://www.emlakjet.com//ilan/saraylar-mh-de-garaja-yakin-45-m2-11-esyali-ara-kat-apart-17085919/,,,,,,,,,,,,,
34,17085846,28 Mart 2025,28 Mart 2025,Konut,Kiralık,Daire,135 m²,140 m²,3+1,5-10,1.Kat,3,Kombi Doğalgaz,Boş,,Kat Mülkiyeti,Hayır,,1,Genel Fiyat,20.000TL, Pamukkale - Siteler Mahallesi,https://www.emlakjet.com//ilan/ender-uysal-gayrimenkulden-siteler-de-31-kiralik-lux-daire-17085846/,,,,,,1765,4,,,,,,
35,17085542,28 Mart 2025,28 Mart 2025,Konut,Kiralık,Daire,55 m²,60 m²,2+1,5-10,2.Kat,4,Yerden Isıtma,Boş,,Kat Mülkiyeti,Hayır,,1,Genel Fiyat,16.000TL, Pamukkale - Yunusemre Mahallesi,https://www.emlakjet.com//ilan/ender-uysal-gayrimenkulden-bursa-caddesinde-21-sifir-esyali-kiralik-apart-17085542/,,,,,,5239,20,,,,,,
36,17085421,28 Mart 2025,28 Mart 2025,Konut,Kiralık,Daire,125 m²,130 m²,2+1,5-10,2.Kat,2,Kombi Doğalgaz,Boş,Eşyalı,Kat İrtifakı,Hayır,Yok,1,Genel Fiyat,17.000TL, Pamukkale - Kınıklı Mahallesi,https://www.emlakjet.com//ilan/forum-camlik-avm-yakini-esyali-kiralik-daire-17085421/,,,,,,,,,,,,,
37,17085376,28 Mart 2025,03 Nisan 2025,Konut,Kiralık,Daire,70 m²,75 m²,2+1,4,2.Kat,4,Yerden Isıtma,Boş,Eşyalı,Kat Mülkiyeti,Hayır,Yok,1,Genel Fiyat,15.000TL, Pamukkale - Atalar Mahallesi,https://www.emlakjet.com//ilan/atalar-da-arakat-on-cephe-genis-21-klimali-asansorlu-apart-17085376/,,,Yok,,Evet,2349,26,,İkinci El,Betonarme,1,,
38,17084651,28 Mart 2025,28 Mart 2025,Konut,Kiralık,Daire,60 m²,65 m²,1.5+1,4,3.Kat,4,Yerden Isıtma,Boş,,Kat Mülkiyeti,Hayır,,1,Genel Fiyat,16.000TL, Pamukkale - Asmalıevler Mahallesi,https://www.emlakjet.com//ilan/ender-uysal-gayrimenkulden-1-51-guvenlikli-balkonlu-spor-salonlu-klimali-lux-esyali-apart-17084651/,,,,,,2375,9,,,,,,
39,17083903,28 Mart 2025,28 Mart 2025,Konut,Kiralık,Daire,60 m²,70 m²,1+1,2,1.Kat,2,Yerden Isıtma,Boş,Eşyalı,Kat Mülkiyeti,Hayır,Yok,1,Genel Fiyat,13.000TL, Merkezefendi - Mehmet Akif Ersoy Mahallesi,https://www.emlakjet.com//ilan/full-esya-29-ekim-bulvari-ozel-saglik-denipol-adliye-yakin-17083903/,,,,,,,,,,,,,
40,17082730,27 Mart 2025,28 Mart 2025,Konut,Kiralık,Daire,40 m²,45 m²,1+1,11-15,Bahçe Katı,4,Merkezi Doğalgaz,Boş,,Kat Mülkiyeti,Hayır,,1,Genel Fiyat,7.000TL, Pamukkale - Yunusemre Mahallesi,https://www.emlakjet.com//ilan/ender-uysal-gayrimenkulden-yunusemrede-hersey-dahil-11-bahcekati-apart-17082730/,,,,,,2383,4,,,,,,
41,17082251,27 Mart 2025,04 Nisan 2025,Konut,Kiralık,Daire,180 m²,200 m²,2+1,5-10,3.Kat,3,Kombi Doğalgaz,Boş,,Kat Mülkiyeti,Hayır,,1,Genel Fiyat,18.000TL, Merkezefendi - Selçuk Bey Mahallesi,https://www.emlakjet.com//ilan/denizli-selcukbey-de-180-m2-buyuk-terasli-kiralik-21-daire-17082251/,,,,,,178,9,,,,,,
42,17081765,27 Mart 2025,28 Mart 2025,Konut,Kiralık,Daire,75 m²,80 m²,2+1,4,Bahçe Katı,3,Kombi Doğalgaz,Boş,Eşyalı,Kat Mülkiyeti,Hayır,Var,1,Genel Fiyat,15.000TL, Pamukkale - Kınıklı Mahallesi,https://www.emlakjet.com//ilan/ender-uysaldan-kampuste-kiralik-luks-esyali-21-apart-17081765/,,,Var,,,5438,12,,İkinci El,Betonarme,1,,
43,17081674,27 Mart 2025,28 Mart 2025,Konut,Kiralık,Daire,40 m²,45 m²,1+1,5-10,2.Kat,5,Kombi Doğalgaz,Boş,,Kat Mülkiyeti,Hayır,,1,Genel Fiyat,15.000TL, Pamukkale - Kınıklı Mahallesi,https://www.emlakjet.com//ilan/ender-uysal-gayrimenkulden-kinikli-da-11-kiralik-apart-17081674/,,,,,,1641,2,,,,,,
44,17081536,27 Mart 2025,28 Mart 2025,Konut,Kiralık,Daire,45 m²,50 m²,1+1,4,Çatı Katı,4,Kombi Doğalgaz,Boş,,Kat Mülkiyeti,Hayır,,1,Genel Fiyat,8.500TL, Pamukkale - Yunusemre Mahallesi,https://www.emlakjet.com//ilan/ender-uysal-gayrimenkulden-yunusemre-mahallesin-de-11-cati-kati-daire-17081536/,,,,,,2260,3,,,,,,
45,17081393,27 Mart 2025,27 Mart 2025,Konut,Kiralık,Daire,50 m²,60 m²,2+1,5-10,3.Kat,3,Kombi Doğalgaz,Boş,,Kat Mülkiyeti,Hayır,,1,Genel Fiyat,14.000TL, Pamukkale - Asmalıevler Mahallesi,https://www.emlakjet.com//ilan/ender-uysal-gayrimenkulden-asmalievlerde-kiralik-21-lux-apart-17081393/,,,,,,2937,19,,,,,,
46,17081085,27 Mart 2025,28 Mart 2025,Konut,Kiralık,Daire,40 m²,45 m²,1+1,4,7.Kat,7,Kombi Doğalgaz,Boş,,Kat Mülkiyeti,Hayır,,1,Genel Fiyat,9.000TL, Pamukkale - Pelitlibağ Mahallesi,https://www.emlakjet.com//ilan/ender-uysal-gayrimenkul-den-pelitlibag-da-11-klimali-asansorlu-lux-daire-17081085/,,,,,,314,8,,,,,,
47,17080819,27 Mart 2025,27 Mart 2025,Konut,Kiralık,Daire,95 m²,100 m²,2+1,16-20,1.Kat,4,Kombi Doğalgaz,Boş,Boş,Kat Mülkiyeti,Hayır,Yok,1,Genel Fiyat,12.000TL, Merkezefendi - Sırakapılar Mahallesi,https://www.emlakjet.com//ilan/parselden-sirakapilarda-21-kiralik-daire-17080819/,,,Var,2,Hayır,2396,3,Açık Balkon,İkinci El,Betonarme,2,,
48,17079976,27 Mart 2025,28 Mart 2025,Konut,Kiralık,Daire,105 m²,110 m²,2+1,11-15,2.Kat,2,Kombi Doğalgaz,Boş,,Kat Mülkiyeti,Hayır,,1,Genel Fiyat,11.000TL, Pamukkale - Siteler Mahallesi,https://www.emlakjet.com//ilan/ender-uysal-gayrimenkulden-foruma-yakin-21-terasli-somineli-cati-kati-17079976/,,,,,,1812,9,,,,,,
49,17079247,26 Mart 2025,01 Nisan 2025,Konut,Kiralık,Daire,110 m²,125 m²,2+1,11-15,Bahçe Katı,3,Kombi Doğalgaz,Boş,Boş,Kat Mülkiyeti,Hayır,,1,Genel Fiyat,14.500TL, Merkezefendi - Merkez Efendi Mahallesi,https://www.emlakjet.com//ilan/yenisehir-mahallesi-nde-kultur-merkezi-arkasi-21-120-m-bahce-kati-kiralik-daire-17079247/,1 TL,14000 TL,Var,1,,5532,2,Açık Balkon,,,2,,
